Item,Type,Quantity,Calories,Carbohydrate,Fat,Protein
fish fillets,White fillets fish, 100 g,72,0g,1g,17g
fish fillets,Gorton's, 2 fillets,240,20g,12g,8g
fish fillets,Cod Fillets, 2 fillets,250,20g,12g,14g
boiled potatoes,Potatoes Boiled, 100 gr,86,20g,0g,2g
boiled potatoes,Boiled Potatoes, 100 grams,50,18g,2g,2g
boiled potatoes,Boiled Potatoes, 100 g 1 cup cooked,55,12g,0g,1g
Besan flour,Besan Flour, 100 gram,387,58g,3g,22g
Besan flour,Gaay, 0.25 cup,105,17g,1g,7g
gram flour,East End Gram Flour, 100 g,359,52g,5g,22g
gram flour,Natco, 100 g,359,54g,6g,22g
gram flour,Gram flour, 100 gram,351,48g,7g,19g
pomegranate,Pomegranate Vinegar, 1 tbsp (15g),20,5g,0g,0g
pomegranate,Pom Pomegranate, 0.5 cup,72,16g,1g,2g
pomegranate,Pinkberry, 0.5 cup,120,26g,0g,3g
cilantro,Cilantro, 100 g,23,1g,1g,2g
cilantro,Cilantro, 1 handfull,3,1g,0g,1g
Baby corn,Polar Baby Corn Nuggets, 0.5 cp.,25,4g,0g,2g
Baby corn,Tesco, 65 g,27,4g,0g,1g
Baby corn,Pampa, 1 oz,15,2g,0g,1g
chili powder,Chili powder, 28 grams,193,31g,2g,15g
chili powder,Spices, 1 tbsp,24,4g,1g,1g
Chickpea flour,Chickpea flour, 100 g,358,52g,5g,23g
Chickpea flour,Bob's Red Mill - Chickpea Flour, 0.25 cup (30g),120,16g,2g,5g
makki atta,Makki atta, 0.25 cup,100,23g,1g,3g
makki atta,Rajdhani Makki atta, 100 gms,365,76g,4g,9g
makki atta,Royal golf, 40 g,138,26g,2g,3g
spices,spices, 3 tablespoon,0,0g,0g,0g
spices,Spices, 1 tsp (2 g),5,1g,2g,0g
cinnamon stick,Cinnamon Stick, 1 raw stick,17,0g,0g,0g
cinnamon stick,Bigelow, 1 tea bag,0,0g,0g,0g
cinnamon stick,California Chorros, 2.1 oz,190,23g,8g,5g
raw rice,Rice, 100 g,341,78g,0g,7g
raw rice,Brown Rice, 100 g,357,76g,2g,7g
lemon,Lemon lemon. White peach, 355 ml,70,16g,0g,0g
lemon,Lemon Zest, 5 Tbsp,3,1g,0g,0g
lemon,Lemon, 1 cup,2,1g,0g,0g
musk melon seeds,Muskmelon, 1 cup,54,14g,0g,1g
musk melon seeds,Generic, 1 cup,53,13g,0g,1g
musk melon seeds,Fruits, 1 Cup,53,13g,0g,1g
cardamom pods,Sainsbury's, 1 teaspoon,1,1g,1g,1g
cardamom pods,Sundar, 400 grams,1244,68g,7g,11g
cardamom pods,Alcafe, 40 ml,23,3g,1g,2g
chia seed,chia seed, 100 gram,513,37g,29g,21g
chia seed,Chia Seed, 100 gramos,486,42g,31g,17g
arhar dal,Dal, 1 cup,203,39g,1g,11g
arhar dal,Arhar Dal - Meetu, 100 gm,343,63g,2g,22g
arhar dal,Aa, 1 cup cooked,219,32g,6g,11g
sugar,Sugar, 1 teaspoon,15,4g,0g,0g
sugar,Organic sugar, 1 tsp,15,4g,0g,0g
gooseberry,Generic, 100 g,44,10g,1g,1g
gooseberry,Vavel, 1 Tbsp,30,8g,0g,0g
gooseberry,Tesco, 114 g,225,20g,14g,3g
molu leaf,Steak molu delhaize, 100 g,77,0g,1g,18g
molu leaf,Cassava Leaf, 100 g,37,7g,0g,4g
molu leaf,Four Leaf Salad, 1 bag,15,2g,1g,1g
nigella seeds,Tesco, 100 grams,434,1g,31g,20g
nigella seeds,Morrisons, 100 g,307,43g,6g,10g
nigella seeds,Spice & Co., 2 gram,3,1g,0g,0g
Khaman,Khaman, 100 g,353,66g,4g,13g
Khaman,khaman, 2 pcs,160,14g,10g,4g
Khaman,Deep, 50 g,174,31g,2g,8g
coriander,Coriander, 0.25 cup (4g),1,0g,0g,0g
coriander,Coriander Fresh, 0.25 cup,1,0g,0g,0g
coriander,Coriander paste, 100 g,131,8g,10g,2g
ridge gourd,Ridge Gourd, 100 g,92,0g,0g,0g
ridge gourd,Generic, 1 cup,55,2g,1g,0g
ridge gourd,Homemade, 1 tbs,60,8g,2g,1g
Cinnamon,Cinnamon (JLDN), 1 tbsp - 8g - .3 oz,20,2g,0g,0g
Cinnamon,Cinnamon, 1 tsp,6,1g,0g,0g
fresh green chilli,Generic, 45 g,18,9g,0g,1g
fresh green chilli,Generic, 1 pepper,18,3g,0g,1g
fresh green chilli,Always Fresh, 20 gram,19,1g,2g,0g
green chilli,Desi, 1 chilli (20g),30,2g,0g,2g
green chilli,Generic, 45 g,18,9g,0g,1g
green chilli,Sonic, 1 burger,610,55g,31g,27g
Maida flour,maida, 100 g,348,74g,0g,11g
Maida flour,Indian Plain Flour, 1 (about 20g),90,18g,0g,3g
Maida flour,Deep All Purpose Flour / Maida, 0.25 Cup 30g,110,23g,1g,3g
orange rind,Generic, 1 tbsp (6.0 g),6,2g,0g,0g
orange rind,Kroger, 1 Slice (21g),70,0g,6g,5g
orange rind,Rind, 3 Tassen,152,0g,9g,18g
jaggery syrup,Jaggery, 1 tsp,15,4g,0g,0g
jaggery syrup,Palmsure, 100 grams,268,66g,0g,1g
jaggery syrup,Viola- Jaggery/gur, 100 gm,383,95g,0g,0g
palak,Palak Chicken, 147.7 gram,208,8g,8g,26g
palak,Homemade Palak Paratha, 57 g,196,32g,5g,5g
palak,Moong Dal Palak, 1 Cup Cooked,111,16g,3g,6g
parboiled rice,Parboiled, 1 cup,194,41g,0g,4g
parboiled rice,rice parboiled, 100 gram,378,77g,0g,7g
Gobi,Ashoka Gobi Paratha, 1 paratha,260,30g,12g,8g
Gobi,Home, 1 plate,184,27g,8g,5g
Gobi,Rockfella's Gobi Parantha, 100 Grams,254,34g,11g,5g
star anise,Generic, 1 star,7,1g,0g,0g
star anise,Star anise, 25 g,144,6g,12g,3g
star anise,Star Anise, 25 g,170,1g,17g,4g
tomatoes,Tomatoes, 0.5 cup,15,3g,0g,1g
tomatoes,Tomatoes*, 8 tomatoes,11,1g,0g,0g
slivered almonds,Slivered. Almonds, 41 gram,233,7g,18g,9g
slivered almonds,Slivered, 1 tablespoon,50,1g,4g,1g
slivered almonds,Almonds, 0.25 Cup,180,6g,16g,6g
raisins,Raisins-, 40 g (~1.5 oz.) 0.25 cup,120,31g,0g,1g
raisins,Yogurt raisins, 1 box,120,20g,5g,1g
raisins,CVS raisins, 1 box,90,22g,0g,1g
chicken chunks,chicken chunks, 4 oz.,200,20g,6g,17g
chicken chunks,Tesco Flamegrilled Chicken Chunks, 90 g,96,2g,1g,19g
chicken chunks,Tyson, 3 oz,120,1g,2g,23g
baking soda,Baking Soda, 0.5 teaspoon,0,0g,0g,0g
baking soda,Generic, 0.125 tsp. (o.6g),0,0g,0g,0g
baking soda,red mill baking soda, 1.25 tsp,0,0g,0g,0g
coconut flakes,Coconut flakes, 1 tsp,70,7g,5g,1g
coconut flakes,Coconut Flakes, 93 grams,466,44g,33g,3g
coconut flakes,Dried Coconut Flakes, 175 grams,660,23g,64g,6g
dahi,Homemade Dahi, 113 grams,111,4g,5g,13g
dahi,Dahi Baba, 100 g,59,5g,3g,3g
dahi,Dahi, 100 ml,62,4g,3g,4g
Bombay duck,Fresh Bombay Duck - Custom, 100 grams,68,1g,1g,14g
Bombay duck,Bombay Duck, 100 g,293,2g,4g,62g
Bombay duck,Ref:j02901.tw.fda, 100 g,49,0g,0g,10g
white bread slices,White Bread, 2 slices,140,26g,2g,4g
white bread slices,White Bread, 2 slices,140,27g,0g,0g
white bread slices,White Bread, 2 slices,150,0g,0g,0g
tomato sauce,Kraft Tomato Sauce, 1 portion,13,1g,1g,1g
tomato sauce,Tuttorosso-tomato Sauce, 61 grams,20,4g,0g,1g
tomato sauce,Prego, 0.5 cup,70,13g,2g,2g
Chicken thighs,Chicken Thighs, 6 oz,270,0g,17g,27g
Chicken thighs,tesco chicken thighs, 1 thigh,150,0g,8g,22g
Chicken thighs,Ono Chicken Thighs, 1 serving,195,9g,50g,25g
urad dal,Veer Urad Dal, 100 gm,270,40g,3g,20g
urad dal,Urad Dal Cooked, 0.5 Cup Cooked,235,33g,5g,14g
urad dal,Aligarh, 1 Cup Cooked,350,50g,7g,19g
sugar syrup,sugar free syrup, 0.25 cup,35,11g,0g,0g
sugar syrup,Monin, 25 ml,84,21g,0g,0g
sugar syrup,(M) Myprotein Sugar-free Syrup, 100 g,4,1g,0g,0g
Mango,1 cup, pieces,60,15g,0g,1g
Mango,Champagne Mango, 1 cup (140g),110,27g,0g,0g
Mango,Mango, 100 grams,63,14g,0g,1g
beetroot,Beetroot, 1 cup,81,4g,7g,1g
beetroot,Beetroot Masala, 1 cup cooked,60,0g,0g,0g
beetroot,Beetroot burger, 1 cup,250,3g,16g,15g
cabbage,1 cup, chopped,25,6g,0g,1g
cabbage,Cabbage, 1 cup (70 g),22,5g,0g,1g
cabbage,Roasted Cabbage, 1 wedge,20,9g,0g,4g
cottage cheese,Aldi's cottage cheese, 0.5 c,80,6g,2g,12g
cottage cheese,Cottage Cheese, 0.5 cup,120,5g,5g,13g
cottage cheese,hood lowfat cottage cheese, 0.5 cup,90,5g,1g,14g
Chicken,Grilled chicken, 4 oz,100,1g,2g,22g
Chicken,Chicken tenderloin, 1 piece,100,0g,1g,22g
Chicken,Chicken drumsticks, 1 One drumstick,180,0g,10g,22g
nuts,Nuts, 1 pack,100,3g,9g,3g
nuts,Delta nuts, 0.25 cup,70,2g,6g,3g
nuts,Nuts, 28 g,130,20g,5g,2g
drumstick,Drumstick Tegel Nz, 100 g,157,0g,9g,19g
drumstick,Nestle, 1 Drumstick,290,32g,16g,4g
drumstick,Chicken Drumstick, 1 Small,81,0g,4g,10g
gobi,Ashoka Gobi Paratha, 1 paratha,260,30g,12g,8g
gobi,Home, 1 plate,184,27g,8g,5g
gobi,Rockfella's Gobi Parantha, 100 Grams,254,34g,11g,5g
Firm white pumpkin,Tofu white, 100 g,49,2g,2g,5g
Firm white pumpkin,Puck, 100 g,240,4g,21g,9g
Firm white pumpkin,White Success, 1 slice,56,1g,3g,6g
banana,Banana, 1 cup ( 166 G),133,34g,1g,2g
banana,Banana, 1 piece,121,31g,0g,2g
Loaf bread,Bread loaf, 75 grams,180,35g,2g,8g
Loaf bread,Italian bread loaf, 2 oz. (1/4 loaf),170,29g,2g,6g
Loaf bread,Bread, 1 slice,175,33g,2g,5g
Coconut oil,Oil, 1 tbs,120,0g,14g,0g
Coconut oil,A1 Coconut Oil, 30 g,118,0g,27g,0g
garlic,Garlic Chicken, 3 oz,299,6g,17g,30g
garlic,Garlic dip, 2 tbsp,150,0g,0g,0g
sliced almonds,Sliced Almonds, 2 tbsp,52,2g,5g,2g
sliced almonds,Sliced Almonds Bassé, 30 g,170,6g,15g,7g
sliced almonds,Heb Sliced Almonds, 0.25 cup,160,6g,14g,6g
Dharwadi buffalo milk,Sid’s whole buffalo milk, 100 ml,89,5g,6g,4g
Dharwadi buffalo milk,Indian, 1 cup,115,13g,2g,9g
dry chilli,Chilli Tofu, 1 dish,1082,78g,73g,41g
dry chilli,Dry Beef Chilli, 1 Serving,518,23g,25g,52g
dry chilli,Jhen Ho Chilli Dry Noodle, 1 Pack,380,62g,10g,12g
fenugreek leaves,Fenugreek Leaves, 1 g,323,58g,6g,23g
fenugreek leaves,Spice, 4 g (1 tsp),1,0g,0g,0g
fenugreek leaves,Vadilal, 2 cups,50,6g,1g,4g
jowar flour,Swad, 30 gms,113,23g,1g,3g
jowar flour,Jowar / Sorghum / Milo Flour, 4 pieces cooked - 1 cup raw - 192g,651,143g,6g,21g
jowar flour,Generic, 100 g,329,75g,3g,11g
bengal gram flour,Bhagyalaskhmi Bengal Gram, 100 gram,372,59g,7g,19g
bengal gram flour,bengal gram roasted, 101 gm,368,61g,9g,15g
bengal gram flour,Homemade, 100 gms,164,27g,3g,9g
peanut,Peanut Kisses, 1 pack,105,9g,6g,4g
peanut,peanut, 1.25 c,160,5g,17g,9g
Bitter gourd,Homemade, 100 grams,17,4g,0g,1g
Bitter gourd,Bitter Gourd (Ampalaya), 1 cup,156,14g,10g,7g
Bitter gourd,Bitter gourd (karela)sabzi, 1 burger,555,29g,26g,49g
rava,Rava Payasam/kheer, 1 bowl,350,13g,4g,10g
rava,Rava, 1 cup,360,73g,1g,13g
rava,Mtr, 1 piece,80,21g,7g,3g
brinjal,Brinjal, 1 kg(s),20,5g,0g,1g
brinjal,Brinjal, 100 gm,35,9g,0g,1g
brinjal,Brinjal Potato Curry, 1 cup cooked,195,18g,2g,3g
mixed vegetables,Organic mixed vegetables, 1 cup,60,12g,0g,2g
mixed vegetables,Vegetables, 0.666667 cup,60,11g,1g,2g
mixed vegetables,Tendersweet Mixed Vegetables, 0.5 cup,45,9g,0g,1g
jaggery,Jaggery, 1 tsp,15,4g,0g,0g
jaggery,Viola- Jaggery/gur, 100 gm,383,95g,0g,0g
jaggery,Indian, 100 g,358,85g,0g,0g
refined flour,Kanan Maida, 125 g,455,95g,1g,13g
refined flour,Generic, 100 g,348,0g,1g,11g
Flour,Flour, 100 g,351,76g,2g,8g
corn flour,Corn Flour, 100 g,107,17g,3g,3g
corn flour,Pan Corn Flour, 0.25 cup,110,24g,1g,2g
corn flour,Maseca, 0.25 cup/ or 30 g,110,23g,1g,3g
fresh green peas,Generic, 1 cup,117,21g,1g,8g
fresh green peas,Farm Fresh, 89 g,70,12g,1g,1g
fresh green peas,Fresh, 70 g,330,40g,13g,14g
chana daal,Chana daal cofresh, 28 gm,134,15g,6g,6g
chana daal,Homemade, 1 cup,183,73g,16g,30g
chana daal,Pakistani, 0.5 cup (100 grams) - cooked,350,60g,2g,22g
Aloo,aloo bhujia, 27 grams,156,11g,12g,2g
Aloo,Aloo Matar Shorba, 293.3 Gram,219,48g,1g,7g
Aloo,Sara's Aloo Gobhi, 2 cups,155,23g,3g,5g
yogurt,Nonfat yogurt, 1 cup,80,14g,0g,5g
yogurt,carb yogurt, 1 cup,60,4g,2g,8g
yogurt,Yogurt tube, 60 g,50,8g,2g,2g
chicken,Grilled chicken, 4 oz,100,1g,2g,22g
chicken,Chicken, 1 cup,135,0g,8g,14g
chicken,Chicken tenderloin, 1 piece,100,0g,1g,22g
bell pepper,Bell Pepper, 148 g,32,8g,0g,1g
bell pepper,Bell Pepper, 114 grams,32,8g,0g,1g
gravy,Gravy, 0.5 cup,50,6g,2g,2g
gravy,Gravy, 1 cup,181,11g,10g,11g
gravy,Gravy, 2 oz serving,46,4g,3g,0g
mustard,French Mustard, 1 tsp,0,0g,0g,0g
mustard,Mustard hiềnnb, 10 g,8,0g,0g,1g
Ridge gourd,Ridge Gourd, 100 g,92,0g,0g,0g
Ridge gourd,Generic, 1 cup,55,2g,1g,0g
Ridge gourd,Homemade, 1 tbs,60,8g,2g,1g
Urad dal,Veer Urad Dal, 100 gm,270,40g,3g,20g
Urad dal,Urad Dal Cooked, 0.5 Cup Cooked,235,33g,5g,14g
Urad dal,Aligarh, 1 Cup Cooked,350,50g,7g,19g
tamarind,Tamarind, 100 g,279,38g,0g,3g
tamarind,Sweet Tamarind, 100 g,314,76g,0g,3g
tamarind,Tamarind, 1 tbsp (15g),40,10g,0g,0g
Maida,maida, 100 gram,357,74g,1g,11g
Maida,ponam maida, 100 gm,361,73g,2g,12g
Maida,Madam, 100 grams,404,87g,1g,12g
Refined flour,Kanan Maida, 125 g,455,95g,1g,13g
Refined flour,Generic, 100 g,348,0g,1g,11g
olive oil,Olive oil, 1 tbsp,120,0g,14g,0g
olive oil,Lucini olive oil, 1 tbsp,120,0g,14g,0g
methi leaves,Deep, 0.5 cup,35,5g,1g,3g
methi leaves,Organic, 100 gm,49,6g,1g,4g
methi leaves,Methi (Fenugreek) Leaves - Meetu, 100 gm,49,6g,1g,4g
powdered sugar,Powdered Sugar, 1 tablespoon,31,8g,0g,0g
powdered sugar,Parkhurst, 1 Tbs,54,14g,0g,0g
powdered sugar,PR powdered sugar, 0.25 cup,120,0g,0g,0g
Sticky rice,Sticky, 1 cup,169,37g,0g,4g
Sticky rice,Rice, 1 cup,169,37g,0g,4g
Sticky rice,Sticky Rice, 0.5 cup,170,40g,0g,3g
turmeric,organic turmeric, 1 tsp (9g),8,1g,0g,0g
turmeric,Turmeric, 2 ounces,70,14g,2g,1g
turmeric,Food to Live Turmeric, 1 oz / 28 grams,99,18g,3g,2g
lentil flour,McKenzies, 50 g,166,22g,1g,13g
lentil flour,Homemade, 0.25 cup,20,4g,0g,2g
lentil flour,Red lentil flour, 101 g,304,46g,1g,24g
sev,Sev, 1 cup,250,17g,19g,7g
sev,Regular Sev, 1 tbsp,180,10g,14g,4g
sev,Bhel sev, 0.5 cup,549,32g,46g,14g
fennel,Fennel, 100 g,31,7g,0g,1g
fennel,Fennel Homemade, 100 g,12,2g,0g,1g
fennel,Fennel (Website), 1 cup,27,6g,0g,1g
black pepper,1 tbsp, ground,251,64g,3g,10g
black pepper,1 tsp, ground,251,64g,3g,10g
black pepper,Wegmans Black Pepper Sauce, 2 tablespoons,25,4g,2g,0g
white flour,Flour, 1 tbsp,28,6g,0g,1g
white flour,White Flour 1 Tbsp, 1 tbsp,28,6g,0g,1g
Green chili paste,chili paste, 100 gram,686,16g,67g,4g
Green chili paste,Shahzada, 1 tbsp,20,5g,0g,0g
Green chili paste,zaika, 1 tablespoon,17,3g,1g,1g
Rava,Rava Payasam/kheer, 1 bowl,350,13g,4g,10g
Rava,Rava, 1 cup,360,73g,1g,13g
Rava,Mtr, 1 piece,80,21g,7g,3g
fry,Small fry, 2 ounces,230,29g,11g,3g
fry,Fry Sauce, 1 oz,90,8g,6g,0g
fry,Culiflower Fry, 1 cup,100,0g,10g,0g
bhuna chana,Bhuna chana, 400 grams,161,27g,3g,9g
bhuna chana,Sb Bhuna Chana, 1 serving / 30gm,108,18g,2g,5g
bhuna chana,Bhuna Hua, 50 g,200,0g,0g,0g
curry leaves,Desi, 100 g,108,19g,1g,6g
curry leaves,Generic, 1 cup coocked,225,0g,0g,0g
curry leaves,Shabros, 100 gram,140,75g,8g,8g
Potato,Potato, 1 medium,110,26g,0g,3g
Potato,Idaho Potato, 5.3 oz,110,26g,0g,3g
Moong dal,Moong dal, 100 gram,343,63g,1g,24g
Moong dal,Moong Dal Chilla, 1 pancake,100,10g,4g,6g
Moong dal,Moong Dal Palak, 1 Cup Cooked,111,16g,3g,6g
Green moong beans,Swad, 0.25 cup (dry) 45g,160,27g,1g,11g
Green moong beans,Dunya, 35 gram,120,22g,0g,8g
Green moong beans,Ankur, 7.25 oz,718,23g,2g,49g
Peanuts,Virginia peanuts, 1 ounce,160,6g,13g,7g
Peanuts,Peanuts, 1 pack,70,2g,6g,3g
Palak,Palak Chicken, 147.7 gram,208,8g,8g,26g
Palak,Homemade Palak Paratha, 57 g,196,32g,5g,5g
Palak,Moong Dal Palak, 1 Cup Cooked,111,16g,3g,6g
sunflower oil,sunflower oil, 50 ml,414,0g,46g,0g
sunflower oil,Natura Sunflower Oil, 13 ml,108,0g,12g,0g
sunflower oil,sunflower oil, 1 table spoon 15ml,120,0g,14g,0g
skinless chicken breasts,Walmart Skinless Chicken Breasts, 4 oz,100,0g,1g,23g
skinless chicken breasts,Festival Chicken Breasts, 113 g,130,0g,3g,24g
skinless chicken breasts,chicken breasts, 1 breast,130,0g,0g,0g
Red pepper,Red Pepper, 100 g,31,6g,0g,1g
Red pepper,Fresh Red Pepper, 1 oz or 28g,31,4g,0g,1g
kokum,Raj kokum syrup, 1000 ml,241,57g,1g,0g
kokum,kvl, 5 gram,0,0g,0g,0g
kokum,Raj, 500 ml,241,57g,1g,0g
malai,Malai Kabab, 311 g,654,8g,47g,47g
malai,Malai Burfi, 1 cup,249,34g,10g,10g
malai,Malai Selgros, 100 gram,347,0g,1g,7g
Green beans,Green Beans, 0.25 can,50,8g,2g,2g
Green beans,Green beans Walmart, 1 cup,30,6g,0g,1g
sooji,sooji fine, 100 gram,391,20g,1g,3g
sooji,Shraddha Sooji, 100 gram,392,322g,9g,65g
sooji,Elite Sooji Rusk, 100 g,499,64g,12g,11g
cream,Cream corn, 125 grams,60,14g,0g,0g
cream,Cream, 100 ml,129,66g,10g,1g
green chillies,Tesco, 5 g,3,1g,0g,0g
green chillies,Green Chillies, 100 g,107,0g,0g,0g
green chillies,Asda, 50 g,10,0g,0g,2g
cardamom powder,Snapin, 2 g,8,2g,0g,0g
cardamom powder,Nb, 1 tbsn,250,80g,5g,0g
cardamom powder,Homemade, 1 cup,0,0g,0g,0g
vinegar,Publix Balsamic Vinegar, 1 Tablespoon,15,3g,0g,0g
vinegar,Fig. Vinegar, 1 tbs,40,3g,0g,0g
vinegar,Pomegranate Vinegar, 1 tbsp (15g),20,5g,0g,0g
sesame oil,Sesame Oil, 13.6 g,120,0g,14g,0g
sesame oil,Kadoya, 1 Tb,130,0g,14g,0g
Arhar dal,Dal, 1 cup,203,39g,1g,11g
Arhar dal,Arhar Dal - Meetu, 100 gm,343,63g,2g,22g
Arhar dal,KC, 1 cup,64,10g,2g,4g
lobster,Lobster, 1 crepe,250,22g,10g,16g
lobster,Red Lobster, 8 slices,780,63g,42g,38g
lobster,Lobster Bites, 3 balls,150,14g,9g,4g
Beef,corned beef, 4 oz,200,0g,15g,15g
Beef,Beef, 1 cup,348,0g,24g,32g
Beef,Beef, 150 g,170,0g,6g,29g
Pav bhaji masala,Badshah Pav Bhaji Masala, 10 gram,25,1g,0g,0g
Pav bhaji masala,Surya, 100 g,177,25g,3g,12g
Pav bhaji masala,Mdh, 5 g,19,2g,1g,1g
clarified butter,Butter, 1 TBS,130,0g,14g,0g
clarified butter,Trader Joe's clarified butter(ghee), 1 teaspoon,45,0g,5g,0g
clarified butter,Odell's, 1 tablespoon,130,0g,14g,0g
green cardamom,Test, 1 oz (28g),25,8g,1g,0g
green cardamom,Girnar, 1 sachet,0,0g,0g,0g
green cardamom,Elaichi, 1 gram,0,0g,0g,0g
bay leaf,1 tsp, crumbled,313,75g,8g,8g
bay leaf,Generic, 1 leaf,2,0g,0g,0g
bay leaf,bay leaf, 200 pint,1,1g,1g,1g
Pav,Wada Pav, 1 vada Pav (2 buns),270,37g,9g,8g
Pav,Pav Bhaji-W/O Pav, 1 cup,160,18g,9g,3g
Pav,Homemade, 150 g,160,18g,9g,3g
Milk,Milk, 100 ml,50,5g,2g,4g
Milk,D milk, 8 oz.,150,12g,8g,8g
Milk,Organic Milk, 8 oz,100,12g,3g,8g
Banana flower,Indian, 100 g,51,10g,1g,2g
Banana flower,Generic, 75 g,26,0g,0g,0g
Banana flower,Vietnamese, 1 cup cooked,120,9g,5g,5g
rice,Rice, 0.25 cup,199,29g,8g,3g
rice,rice, 100 g,171,31g,3g,4g
rice,Jasmine Rice, 45 g raw weight,160,36g,1g,3g
Pearl onions,Kroger, 85 gram,30,6g,0g,0g
Pearl onions,Whie Pearl, 0.5 Cup,35,8g,0g,1g
Pearl onions,Aladdin Food, 3 oz,36,6g,1g,1g
atta,Organic atta, 100 gm,356,64g,5g,15g
atta,Bikaji Atta Ladoo, 1 ladoo,241,28g,13g,2g
atta,grofer atta, 100 gram,357,76g,2g,10g
Sugar syrup,sugar free syrup, 0.25 cup,35,11g,0g,0g
Sugar syrup,Monin, 25 ml,84,21g,0g,0g
Sugar syrup,(M) Myprotein Sugar-free Syrup, 100 g,4,1g,0g,0g
Chana dal,Cooked Chana dal, 1 cup cooked,222,25g,10g,8g
Chana dal,Chana dal, 100 g,440,60g,19g,15g
Chana dal,Deep Chana Dal, 35 g,130,20g,2g,8g
mustard oil,Vegetable Oil, 1 Tbsp,126,0g,14g,0g
mustard oil,Nakoda Mustard Oil, 5 ml,900,0g,100g,0g
grated coconut,Grated coconut, 100 gram,354,15g,3g,3g
grated coconut,Coconut Raw, 100 gm,354,15g,33g,3g
grated coconut,Ancel, 2 Tablespoons (38g),140,23g,5g,0g
vegetable oil,Vegetable oil, 1 tbs,120,0g,14g,0g
vegetable oil,Oil, 1 gram,120,0g,14g,0g
potatoes,Russel potatoes, 1 cup,110,26g,0g,3g
potatoes,Russet Potatoes, 1 potato,110,26g,0g,3g
Basmati rice,Aldi Basmati Rice, 125 g,362,45g,2g,9g
Basmati rice,morrisons basmati rice, 100 gram,117,25g,0g,3g
Basmati rice,Carolina Basmati Rice, 0.25 cup,160,35g,0g,4g
eggs,Nice eggs, 1 egg (50g),70,0g,5g,6g
eggs,Dillons Eggs, 1 egg,70,0g,5g,6g
dried fruits,Mixed dried fruits, 1 cup,185,78g,0g,3g
dried fruits,Dried Fruits, 100 g,241,63g,1g,3g
dried fruits,Vacuum Dried Fruits, 1 cup,544,57g,34g,3g
badam,Badam, 1 almonds 25gm,7,0g,1g,0g
badam,badam, 1 ounce,164,0g,14g,6g
badam,Haldiram's Badam Halwa, 1 piece,139,27g,3g,2g
Glutinous rice,Steamed Glutinous Rice, 100 grams,97,21g,0g,2g
Glutinous rice,Lion Glutinous rice, 1 cup,196,40g,0g,3g
Glutinous rice,thai glutinous rice, 46 gram,160,37g,0g,3g
mint,Mentosrol Mint, 38 g,148,35g,1g,0g
mint,Mint Gelato, 0.5 cup,240,25g,14g,3g
mint,Herbalife, 2 scoops,90,13g,1g,9g
Gram flour,East End Gram Flour, 100 g,359,52g,5g,22g
Gram flour,Natco, 100 g,359,54g,6g,22g
Gram flour,Gram flour, 100 gram,351,48g,7g,19g
baking powder,Baking Powder, 1 tsp,5,0g,0g,0g
baking powder,Asda Baking Powder, 100 g,357,88g,1g,1g
milk,Organic Milk, 8 oz,100,12g,3g,8g
milk,Milk, 100 ml,50,5g,2g,4g
milk,D milk, 8 oz.,150,12g,8g,8g
chana dal,Cooked Chana dal, 1 cup cooked,222,25g,10g,8g
chana dal,Chana dal, 100 g,440,60g,19g,15g
chana dal,Deep Chana Dal, 35 g,130,20g,2g,8g
Yoghurt,Nutriday Yoghurt, 175 g,97,17g,2g,3g
Yoghurt,Yoghurt Bulgarian, 100 gms,62,42g,2g,3g
Yoghurt,Yoghurt, 100 ml,33,4g,0g,5g
mixed nuts,Unsalted mixed nuts, 1 Ounce,160,7g,14g,5g
mixed nuts,Mixed Nuts, 1 oz - 26 pieces,179,2g,16g,4g
mixed nuts,Nuts, Emerald Deluxe Mixed,170,6g,16g,5g
Apricots,Dried apricots, 5 total,100,24g,0g,1g
Apricots,Apricots, 40 g (1/4 cup)-Approx 5 pieces,100,24g,0g,1g
Apricots,Apricots, 40 g,120,29g,0g,1g
Sattu,swastik sattu, 100 gms,384,64g,6g,23g
Sattu,haldiram sattu, 100 gram,397,67g,5g,21g
Sattu,Patanjali sattu, 100 g,405,61g,6g,27g
potato,Potato, 1 medium,110,26g,0g,3g
potato,Idaho Potato, 5.3 oz,110,26g,0g,3g
Raw papaya,Papaya, 100 gm,43,11g,0g,0g
Raw papaya,Papaya, 100 g,39,10g,0g,1g
Raw papaya,Papaya, 1 cup,72,0g,0g,0g
Sweet potato,1 medium, 5 inch long,86,20g,0g,2g
Sweet potato,Sweet potato steamed, 100 grams,86,20g,0g,2g
Sweet potato,Microwave sweet potato, 4 oz,130,33g,0g,2g
garam masala powder,Garam Masala, 15 grams,46,9g,2g,2g
garam masala powder,Swad, 5 g,25,3g,1g,1g
garam masala powder,Mehran, 6 gram,19,3g,1g,1g
Sevai,Homemade, 50 g (1 servings),180,40g,1g,10g
Sevai,Coconut, 50 g,250,75g,7g,4g
Sevai,Bambino, 1 cup (Raw Sevai),417,65g,14g,8g
carrot,1 cup, chopped,41,10g,0g,1g
carrot,Carrot chips, 3 oz,35,8g,0g,1g
carrot,Carrot, 1 unit,30,7g,0g,1g
lemon juice,Compliments Lemon Juice, 1 tsp,0,0g,0g,0g
lemon juice,Realemon Lemon Juice, 1 cup,51,16g,0g,1g
lemon juice,Westcliff Lemon Juice, 10 ml,3,0g,0g,0g
Boiled pork,Lean Pork, 100 g,195,0g,8g,29g
Boiled pork,Boiled, 100 g,277,0g,23g,16g
Boiled pork,Pork, 1 cup,293,0g,14g,40g
whole red beans,Tesco Whole Foods, 1 g,125,21g,1g,8g
whole red beans,Ducal, 130 g,110,18g,2g,5g
whole red beans,Beans, 1 cup,225,40g,1g,15g
Naan bread,Reya Naan Bread, 0.5 piece (50g),140,22g,4g,4g
Naan bread,Bread, 50 g,102,5g,2g,5g
Naan bread,Bilash Plain Naan Bread, 1 naan,361,63g,6g,11g
Raw rice,Rice, 100 g,341,78g,0g,7g
Raw rice,Brown Rice, 100 g,357,76g,2g,7g
sesame seeds,Sesame Seeds, 1 bagel,290,54g,4g,11g
sesame seeds,Sesame Seeds Sainsburys (2018), 100 g,622,1g,58g,18g
sesame seeds,Sesame seeds, 1 tbsp,52,2g,5g,2g
khus khus,Revive, 1 bowl,150,0g,0g,0g
khus khus,rallis, 35 ml,307,75g,0g,0g
khus khus,mapro, 1 glass,300,2g,0g,0g
dry fruits,Fruits, 28 gram,61,14g,0g,1g
dry fruits,Dry fruits, 0.333333 cup,200,32g,7g,4g
dry fruits,Dry Fruits, 100 g,341,82g,0g,1g
sorghum flour,Jowar / Sorghum / Milo Flour, 4 pieces cooked - 1 cup raw - 192g,651,143g,6g,21g
sorghum flour,Bobs sorghum flour, 0.25 cup,130,28g,1g,14g
sorghum flour,soghum flour, 100 gram,359,77g,3g,8g
yellow mustard,Mustard, 2 tsp,5,0g,0g,0g
yellow mustard,heinz mustard, 1 tsp,0,0g,0g,0g
yellow mustard,frenches, 1 teaspoon,0,0g,0g,0g
Fermented bamboo shoot,bamboo, 3 pieces,20,4g,0g,1g
Fermented bamboo shoot,bamboo shoot, 1 包,380,17g,16g,40g
Fermented bamboo shoot,Generic, 1 oz,19,4g,0g,1g
Fish,fish, 4 oz,100,1g,3g,20g
Fish,Fish sticks, 6 sticks,220,24g,9g,9g
Fish,gold fish, 1 cup,140,20g,5g,4g
Potatoes,Russel potatoes, 1 cup,110,26g,0g,3g
Potatoes,Russet Potatoes, 1 potato,110,26g,0g,3g
dried mango,Mango Dried, 3 pieces,120,30g,0g,2g
dried mango,Joes dried mango, 6 pieces,180,43g,0g,1g
dried mango,Dried Mango, 1 serving,160,39g,0g,0g
oil,Oil, 10 g,90,0g,10g,0g
oil,Oil, 1 Tbsp,120,0g,14g,0g
oil,Flax oil, 1 tbsp,120,0g,14g,0g
heavy cream,Wegmans - Heavy Cream, 1 tbsp,50,0g,6g,0g
heavy cream,Organic Heavy Cream, 1 tbsp,45,0g,5g,0g
heavy cream,Heavy Cream <1 Carb, 1 Tbsp (15 mL),50,1g,5g,0g
tandoori masala,Rajah, 100 g,301,40g,18g,11g
tandoori masala,Desi, 28 g (2 tbsp),25,3g,1g,1g
tandoori masala,Shan Tandoori Masala, 11 g,15,3g,0g,1g
green bell pepper,Bell Pepper (Green), 1 oz,6,1g,0g,0g
green bell pepper,Juiced Green Bell Pepper, 1 medium pepper,12,4g,0g,1g
green bell pepper,Bell Pepper, 1 cup,18,4g,0g,1g
dried rose petals,Sania, 100 g,248,62g,0g,0g
dried rose petals,Rose Dose, 1 gram,0,0g,0g,0g
dried rose petals,Rose petals soda, 8 fl oz,120,29g,0g,0g
Corn flour,Corn Flour, 100 g,107,17g,3g,3g
Corn flour,Pan Corn Flour, 0.25 cup,110,24g,1g,2g
Corn flour,Maseca, 0.25 cup/ or 30 g,110,23g,1g,3g
Pigeon peas,Pigeon Peas, 0.5 cup,140,24g,1g,8g
Pigeon peas,Goya, 125 gms,100,18g,0g,5g
Pigeon peas,Pigeon Peas, 1 Cup(170 gr),168,30g,2g,9g
biryani masala powder,Mdh Hyderabadi Biryani Masala, 5 g,7,2g,1g,1g
biryani masala powder,satvikk specialty foods, 100 gram,332,46g,12g,17g
biryani masala powder,Radhuni, 10 g,37,6g,1g,1g
garlic powder,Garlic Powder, Tone's,0,0g,0g,0g
garlic powder,Tones garlic powder, 0.25 teaspoon,0,1g,0g,0g
falooda sev,Himalayan Delight Falooda Sev, 10 g,35,8g,0g,1g
falooda sev,Sev, 1 cup,250,17g,19g,7g
falooda sev,Kings Gn Products, 10 g,35,8g,0g,1g
cucumber,Cucumber, 1 larger,34,6g,0g,2g
cucumber,Small Cucumber, 1 cup,19,3g,0g,1g
green peas,Organic green peas, 85 g,70,12g,0g,5g
green peas,Peas, 0.67 Cup,70,12g,0g,5g
fried milk power,Nido Milk, 43.5 g,221,17g,12g,10g
fried milk power,Muscle Milk, 1 scoop,160,11g,3g,25g
fried milk power,power pack, 35 Gramm,134,16g,4g,9g
chillies,Crushed chillies, 1 gram,0,0g,0g,0g
chillies,oaklands, 100 gram,40,33g,2g,4g
chillies,Crushed chillies, 20 g,63,7g,3g,2g
Rose water,Natural Rose, 1 bottle,80,21g,0g,0g
Rose water,Florian Rose water, 100 ml,40,10g,0g,0g
Rose water,H2ROSE, 12 oz,80,22g,0g,0g
Chickpeas,chickpeas, 1 tablespoon,46,8g,1g,2g
Chickpeas,Chickpeas Tesco, 220 g,360,60g,6g,20g
Chickpeas,Edgell Chickpeas, 80 g,110,18g,2g,7g
Red kidney beans,Red Kidney Beans, 1 container (4/5 cups ea.),110,21g,0g,7g
Red kidney beans,Red Kidney Beans, 90 g,115,20g,1g,8g
Red kidney beans,Koo Red Kidney Beans, 100 g,82,9g,0g,7g
mawa,Mawa, 0.25 cup,140,9g,11g,4g
mawa,Gujiya, 1 Piece (50 g),200,30g,8g,2g
mawa,Nanak, 14 g,45,3g,3g,2g
masoor dal,Masoor, 100 grams,116,20g,0g,9g
masoor dal,Rc Homemade Masoor Dal ( No Oil ), 0.25 cup,130,20g,1g,10g
masoor dal,Deep, 0.5 Cup Uncooked (100 gms),350,60g,2g,23g
tindora,Surati, 130 g,22,3g,0g,3g
tindora,Homemade - Tindora Shaak, 1 cup cooked (163gms),168,34g,3g,1g
tindora,Homemade, 1 (55 g),105,18g,4g,2g
axone,Axone, 3 biscuits,279,42g,11g,4g
axone,Axone, 1 bouteille,105,3g,3g,15g
axone,Axone, 1 gateau,32,5g,1g,0g
bombay rava,Rava Payasam/kheer, 1 bowl,350,13g,4g,10g
bombay rava,Rava, 1 cup,360,73g,1g,13g
bombay rava,Mtr, 1 piece,80,21g,7g,3g
Coconut milk,Starbucks coconut milk, 1 cup,118,17g,5g,1g
Coconut milk,Silk Coconut Milk, 240 ml (1 Cup),45,1g,5g,0g
Coconut milk,Silk Coconut Milk, 240 ml,45,1g,5g,0g
Cashews,Cashews, 0.25 cup,160,8g,13g,5g
Cashews,Cashews, 0.25 cup,160,8g,12g,5g
rose water,Natural Rose, 1 bottle,80,21g,0g,0g
rose water,Florian Rose water, 100 ml,40,10g,0g,0g
rose water,H2ROSE, 12 oz,80,22g,0g,0g
red onion,Fried red onion, 100 g,48,1g,1g,0g
Rice flour,Rice flour, 100 g,363,80g,1g,5g
aloo,aloo bhujia, 27 grams,156,11g,12g,2g
aloo,Aloo Matar Shorba, 293.3 Gram,219,48g,1g,7g
aloo,Sara's Aloo Gobhi, 2 cups,155,23g,3g,5g
Sugar,Sugar, 1 teaspoon,15,4g,0g,0g
Sugar,Organic sugar, 1 tsp,15,4g,0g,0g
Cottage cheese,Aldi's cottage cheese, 0.5 c,80,6g,2g,12g
Cottage cheese,Cottage Cheese, 0.5 cup,120,5g,5g,13g
Cottage cheese,hood lowfat cottage cheese, 0.5 cup,90,5g,1g,14g
dinner rolls,Dinner, 1 roll,120,20g,3g,3g
dinner rolls,Dinner Rolls, 1 Roll,80,15g,1g,3g
dinner rolls,White Dinner Rolls, 1 Roll,126,26g,1g,4g
sesame,Sesame Sticks, 0.333333 cup,170,14g,11g,3g
sesame,Sesame Oil, 13.6 g,120,0g,14g,0g
sesame,Sesame, 0.333 cup,280,23g,19g,5g
Green chilies,Generic, 4 oz,24,5g,0g,1g
Green chilies,Dan95130, 1 burger,443,17g,28g,26g
Green chilies,Rotel, 0.5 cup,25,5g,0g,1g
black salt,Black salt, 1 gram,3,1g,0g,0g
black salt,tata black salt, 100 gram,0,0g,0g,0g
black salt,Salt, 0.25 tsp (1.5g),0,0g,0g,0g
peanut oil,peanut oil, 20 ml,160,0g,18g,0g
peanut oil,Meijer, 1 Tbsp,120,0g,14g,0g
Carrot,1 cup, chopped,41,10g,0g,1g
Carrot,Carrot chips, 3 oz,35,8g,0g,1g
Carrot,Carrot, 1 unit,30,7g,0g,1g
marinade,nandos marinade, 20 gram,17,2g,1g,0g
marinade,Teriyaki marinade, 1 tbsp,20,5g,0g,0g
marinade,Meijer Hawaiian Marinade, 1 Tbsp,20,5g,0g,0g
Brinjal,Brinjal, 1 kg(s),20,5g,0g,1g
Brinjal,Brinjal, 100 gm,35,9g,0g,1g
Brinjal,Brinjal Potato Curry, 1 cup cooked,195,18g,2g,3g
soaked rice,Peanuts - Soaked, 1 oz,159,5g,14g,7g
soaked rice,Homemade, 5 almond,35,1g,3g,1g
soaked rice,Raw Food, 0.25 cup (23 nuts),160,6g,14g,6g
Curd,Curd, 100 gms,61,5g,3g,4g
Curd,Curd Rice, 1 cup cooked,300,41g,6g,17g
Curd,Cheese curd, 1 oz,110,0g,9g,7g
green chilies,Generic, 4 oz,24,5g,0g,1g
green chilies,Dan95130, 1 burger,443,17g,28g,26g
green chilies,Rotel, 0.5 cup,25,5g,0g,1g
Greek yogurt,Lidl Greek Yogurt, 8 oz,122,3g,11g,5g
Greek yogurt,yoplait greek yogurt, 5.3 oz,139,8g,9g,6g
Greek yogurt,Skotidakis Greek Yogurt, 150 g,110,15g,0g,12g
Yogurt,Nonfat yogurt, 1 cup,80,14g,0g,5g
Yogurt,carb yogurt, 1 cup,60,4g,2g,8g
Yogurt,Meijer yogurt, 6 oz,100,20g,0g,5g
valor papdi,Papdi, 100 gms,638,35g,50g,12g
valor papdi,bikano dahi papdi, 30 g,122,0g,0g,0g
valor papdi,Valor, 100 g,290,65g,3g,5g
dry roasted,Dry Roasted Edamame, 1 package,130,10g,4g,14g
dry roasted,Planters, 1 cup,160,5g,14g,7g
dry roasted,Almonds, 0.25 package,170,5g,15g,6g
yellow moong daal,None, 0.5 cup cooked,162,18g,6g,8g
yellow moong daal,Moong Daal, 50 Gram,174,8g,0g,12g
yellow moong daal,Moong Daal, 240 grams(1 Cup),280,15g,2g,10g
reduced milk,Reduced Fat Milk, 1 cup,140,14g,5g,10g
reduced milk,Braum's reduced fat milk, 1 cup,130,13g,5g,9g
reduced milk,Milk, 8 oz,122,12g,5g,8g
whole wheat bread,Walmart whole wheat bread, 1 slice,60,11g,1g,3g
whole wheat bread,Reva's Whole Wheat Bread, 1 slice,100,19g,2g,4g
Moong beans,Swad, 52 g,180,32g,1g,12g
Moong beans,Sprouts, 1 cup,180,28g,0g,14g
Moong beans,Nirav Moong Dal, 0.5 cup (dry),380,65g,2g,28g
Lamb,Lamb, 100 gram,250,0g,18g,21g
Lamb,Lamb Chops, 112 g,320,0g,26g,19g
Lamb,Lamb, 100 grams,192,0g,13g,20g
Lentils,Lentils, 1 cup,230,40g,1g,18g
Lentils,Lentils, 100 g,116,13g,1g,12g
Lentils,Ethopian Lentils, 0.5 cup,144,19g,5g,8g
Cauliflower,1 cup, chopped,25,5g,0g,2g
Cauliflower,Cauliflower Pilaf, 2.5 cups,617,79g,22g,27g
Cauliflower,Cauliflower, 100 g,25,5g,0g,2g
whole egg,Egg, 1 large,74,0g,5g,6g
whole egg,Egg, 1 egg,70,1g,5g,6g
whole egg,Egg, 1 Egg,80,0g,6g,7g
Baking soda,Baking Soda, 0.5 teaspoon,0,0g,0g,0g
Baking soda,Generic, 0.125 tsp. (o.6g),0,0g,0g,0g
Baking soda,red mill baking soda, 1.25 tsp,0,0g,0g,0g
Whole wheat flour,whole wheat flour, 0.25 cup,110,21g,1g,4g
Whole wheat flour,Whole-wheat flour, 100 g,366,72g,7g,12g
Whole wheat flour,Ole Whole Wheat Flour Tortilla, 1 tortilla,90,12g,3g,4g
sweetened milk,Longevity Brand Sweetened Condensed Milk, 1 tbs (15ml),60,11g,2g,1g
sweetened milk,Condenced Milk, 1 tablespoon,66,11g,2g,1g
ginger,Ginger Ale, 12 fl oz,140,37g,0g,0g
ginger,the Ginger People, 2 pieces,40,10g,0g,0g
ginger,the Ginger People, 24 g (about 4 pieces),80,19g,0g,0g
all purpose flour,All purpose flour, 0.25 cup,110,22g,1g,3g
all purpose flour,Magnolia All Purpose Flour, 30 g,100,22g,0g,4g
all purpose flour,Sf All Purpose Flour, 1 cup,364,65g,3g,18g
whole urad dal,Veer Urad Dal, 100 gm,270,40g,3g,20g
whole urad dal,Urad Dal Cooked, 0.5 Cup Cooked,235,33g,5g,14g
whole urad dal,Meera's Kali Dal, 1 cup cooked,175,0g,0g,12g
Green garlic chutney,Green Chutney, 15 milliliter,5,1g,0g,0g
Green garlic chutney,Garlic chutney, 100 gram,180,27g,7g,3g
Green garlic chutney,Homemade, 1 portion,34,0g,1g,0g
whole wheat flour,whole wheat flour, 0.25 cup,110,21g,1g,4g
whole wheat flour,Whole-wheat flour, 100 g,366,72g,7g,12g
whole wheat flour,Ole Whole Wheat Flour Tortilla, 1 tortilla,90,12g,3g,4g
Fish roe,Tobiko flying fish roe, 1 tbsp,20,3g,0g,1g
Fish roe,Generic, 1 tbsp,40,1g,3g,4g
Fish roe,Generic, 100 gm,144,5g,8g,13g
garam masala,garam masala, 0.5 gram,20,0g,0g,0g
garam masala,Garam Masala, 15 grams,46,9g,2g,2g
garam masala,Viks Garam Masala, 1 tablespoon,15,3g,1g,0g
Chenna,Cooked Chenna Brown, 1 cup,0,0g,0g,0g
Chenna,Homemade, 1 cup,150,10g,9g,8g
Chenna,Homemade, 50 gm,260,0g,0g,0g
mung bean,Mung, 30 gr,180,6g,13g,9g
mung bean,Mung Bean, 100 gram,341,65g,1g,23g
mung bean,mung, 1 cup,62,12g,0g,6g
mashed potato,coop mashed potato, 200 g,179,24g,7g,3g
mashed potato,Cooperative British Mashed Potato, 100 g,65,12g,1g,1g
mashed potato,Superquinn Mashed Potato, 200 g,170,28g,4g,4g
cooked rice,Rice, 0.5 cup cooked,80,20g,0g,0g
cooked rice,White Jasmine Rice (Cooked, 1 cup,205,45g,0g,4g
cooked rice,Stronger U Rice - Cooked, 1 cup - 6 oz,205,45g,0g,4g
dal,Dal, 0.5 cup (125ml),150,21g,2g,7g
dal,Matar Dal, 1 serving,193,28g,6g,10g
dal,Moong Dal, 100 gram,100,26g,3g,10g
almonds,BD Almonds, 1 oz,170,5g,16g,6g
almonds,Almonds roasted, 1 ounce 28g,170,5g,15g,6g
green,Green, 1 meal,30,3g,0g,3g
green,Green Grapes, 1 cup,62,16g,0g,1g
green,Green superfood, 1 scoop,30,4g,1g,2g
semolina,Semolina Flour, 1 Cup,600,122g,2g,21g
semolina,Shamrock Semolina, 100 g,339,66g,2g,13g
saffron,Rice, 2 oz,200,43g,1g,4g
saffron,saffron, 5 gram,19,5g,0g,0g
plain flour,Plain Flour, 100 grams,342,70g,1g,11g
plain flour,Flour, Gold Medal Plain,110,22g,0g,3g
plain flour,Asda, 100 g,357,74g,2g,10g
tamarind paste,tamarind paste, 1 tbsp,11,2g,0g,0g
tamarind paste,Tamarind Paste, 195 g,425,24g,0g,1g
tamarind paste,Sainsbury's, 100 g,293,49g,9g,2g
Chhena,parag, 1 cup,250,20g,7g,15g
Chhena,Bikaji, 28 gram,75,16g,0g,2g
Chhena,Generic Chhena Jalebi, 1 cup,100,1g,1g,50g
kala jeera,Deep, 1 tsp (gr),0,0g,0g,0g
kala jeera,Jeera Rice, 1 cup,200,24g,6g,2g
kala jeera,raj jeera, 25 ml,100,25g,0g,0g
black sesame seeds,Lijie - Black Sesame Seeds, 100 g,665,0g,58g,20g
black sesame seeds,Sesame, 10 g,57,2g,5g,2g
black sesame seeds,Sesame Seeds, 3 slices,50,0g,1g,11g
watercress,watercress, 1 cup,0,0g,0g,0g
watercress,1 cup, chopped,11,1g,0g,2g
watercress,Watercress, 1 cup,2,0g,0g,1g
white urad dal,Veer Urad Dal, 100 gm,270,40g,3g,20g
white urad dal,Urad Dal Cooked, 0.5 Cup Cooked,235,33g,5g,14g
white urad dal,laxmi, 2 oz,160,28g,1g,11g
Vermicelli pudding,Generic, 1 cup,300,0g,0g,0g
Vermicelli pudding,Campers Pantry, 1 pack,204,35g,5g,5g
Vermicelli pudding,Dars, 200 gram,250,44g,4g,10g
idli rice,Idli, 4 Cooked,232,48g,2g,6g
idli rice,My Rice Idli, 1 (12.7g),45,9g,0g,2g
idli rice,rice idli, 100 gram,344,73g,1g,13g
whole red,Grapefruit," 0.5 fruit (3-3/4"" dia)(123 g)",52,13g,0g,1g
whole red,Parkhurst, 2 Oz,6,1g,0g,0g
whole red,Cherries, Fresh,91,17g,0g,1g
Greens,Salad greens, 1 cup,20,3g,0g,2g
Greens,Mustard Greens, 1 Cup,15,3g,0g,2g
Greens,Forager, 12 fl oz,60,17g,0g,2g
Paneer,paneer, 28 g,100,0g,8g,6g
Paneer,Paneer, 28 g,100,0g,8g,6g
Paneer,Malai paneer, 1 cup,366,2g,31g,21g
boondi,Boondi, 1 oz,145,12g,10g,5g
boondi,Masala Boondi, 34 g,170,15g,10g,6g
boondi,Bikano Boondi, 31 gm,161,12g,12g,3g
kasuri methi,Spice, 1 tsp (4g),12,2g,0g,1g
kasuri methi,kasuri methi, 1 cup,5,0g,0g,0g
kasuri methi,everest, 100 граммов,297,46g,4g,19g
fennel seeds,Generic, 1 Teaspoon,7,1g,0g,0g
fennel seeds,Hoyts, 1 tsp (2 g p/tsp),7,1g,0g,0g
fennel seeds,Naturevibe Organic Fennel Seeds, 1 oz (28g),100,15g,4g,4g
capsicum,Capsicum, 1 cup,51,12g,0g,1g
capsicum,Capsicum, 100 g,31,6g,0g,1g
capsicum,Fresh, 1 Serv,30,4g,0g,2g
Carrots,1 cup, chopped,41,10g,0g,1g
Carrots,Carrots, 78 grams,27,6g,0g,1g
Carrots,Carrots, 3 oz,35,8g,0g,1g
rock salt,Himalayan Rock Salt, 100 g,0,0g,0g,0g
rock salt,salt, 85 g,140,0g,7g,19g
rock salt,Generic, 1 tsp,0,0g,0g,0g
Khoa,Avin, 1 cup,402,56g,14g,11g
Khoa,Nanak, 14 g,45,3g,3g,2g
Khoa,khoa, 1 goi,167,36g,4g,3g
chilli,Chilli, 2 cups,318,45g,14g,45g
chilli,Chilli, 250 grams,250,13g,8g,16g
chilli,Homemade Chilli, 255 oz,350,33g,14g,24g
Chole,Nm, 3 oz,40,8g,1g,2g
Chole,Kc, 1 cup,157,24g,5g,7g
Chole,Chawal, 1 plate,0,0g,0g,0g
onions,Onions, 0.25 cup,38,9g,0g,0g
onions,Onions, 1 oz,12,3g,0g,0g
onions,Cooking Onions, 0.5 cup,25,6g,0g,1g
tomato paste,Cento Tomato Paste, 2 tbsp,30,6g,0g,1g
tomato paste,Hy-Vee Tomato Paste, 2 tbsp,30,6g,0g,2g
tomato paste,Kroger, 2 tbsp,30,6g,0g,2g
dough,Pizza Dough, 2 oz,130,24g,1g,5g
dough,Cookie dough, 0.25 cup,120,16g,6g,1g
dough,pastry dough, 340 g,1234,0g,0g,0g
bell peppers,Mini Peppers, 3 peppers,25,5g,0g,1g
bell peppers,Bell Peppers Mulit Color, 0.5 c cooked,19,7g,0g,1g
bell peppers,Bell Peppers, 1 Cup,39,9g,1g,2g
khus-khus seeds,Revive, 1 bowl,150,0g,0g,0g
khus-khus seeds,indian, 1 tablespoon,50,3g,4g,2g
khus-khus seeds,rallis, 35 ml,307,75g,0g,0g
masala,Masala Vada, 2 pc,100,19g,1g,5g
masala,Masala Puri, 1 pc,36,8g,0g,1g
masala,Masala Boondi, 34 g,170,15g,10g,6g
Raw banana,Raw Banana, 100 g,89,23g,0g,1g
Raw banana,Raw, 1 Medium,105,27g,0g,1g
Raw banana,Banana, 10 grams,10,2g,0g,0g
blend rice,Rice Select, 0.333333 cup,140,30g,1g,3g
blend rice,Rice Select, 0.333333 cup dry,140,30g,1g,3g
blend rice,Royal Blend, 0.333333 Cup,140,30g,1g,3g
green chili,Green Chili Company, 45 g,18,4g,0g,1g
green chili,Green Chili Chicken Enchiladas, 2 Enchiladas,509,14g,8g,25g
green chili,Homemade, 1 cup,420,13g,18g,16g
Wheat flour,whole wheat flour, 0.25 cup,110,21g,1g,4g
Wheat flour,Flour, 1 cup,455,95g,0g,13g
Wheat flour,wheat flour, 100 gram,350,77g,1g,9g
Milk powder,milk powder, 100 gram,510,39g,28g,24g
Milk powder,Muscle Milk, 1 scoop,150,9g,6g,16g
Milk powder,ensure milk powder, 1 cup,200,31g,8g,9g
Raw peanuts,Raw peanuts, 1 Handful,160,5g,14g,7g
Raw peanuts,Raw, 30 g,168,6g,14g,8g
Raw peanuts,Raw Peanuts, 1 oz,161,5g,14g,7g
Brown rice flour,Brown rice flour, 1 unidad,353,74g,3g,6g
Brown rice flour,Brown rice flour, 100 gram,363,77g,3g,7g
jaggery,Jaggery, 1 tsp,15,4g,0g,0g
jaggery,Viola- Jaggery/gur, 100 gm,383,95g,0g,0g
jaggery,Indian, 100 g,358,85g,0g,0g
butter,1 pat (1 inch sq, 1/2 inch high),717,0g,81g,1g
butter,Apple butter, 1 tbsp,30,8g,0g,0g
butter,Butter, 1 tbsp,100,0g,11g,0g
bread crumbs,Italian. Bread Crumbs, 0.33 cup,110,21g,2g,4g
bread crumbs,Panko crispy bread crumbs, 0.25 cup,100,20g,0g,2g
bread crumbs,Bread, 100 g,120,22g,1g,5g
alum powder,GNC, 1 scoop,35,0g,0g,9g
alum powder,Non-Alum, 50 g,178,43g,0g,0g
alum powder,biovela, 100 gram,210,3g,16g,14g
frozen green peas,Frozen, 89 g,70,12g,0g,5g
frozen green peas,Kroger, 0.666667 c,70,12g,0g,5g
pistachio,Pistachio Nuts, 1 oz (28 g.),160,8g,13g,6g
pistachio,Magnum, 1 portion,280,26g,19g,0g
pistachio,Ben & Jerry's, 100 g,260,21g,17g,5g
chickpeas,chickpeas, 1 tablespoon,46,8g,1g,2g
chickpeas,Chickpeas Tesco, 220 g,360,60g,6g,20g
chickpeas,Edgell Chickpeas, 80 g,110,18g,2g,7g
Black lentils,Lentils,,304,41g,2g,23g
Black lentils,Black lentils, 35 g,120,22g,1g,8g
Black lentils,Generic, 0.25 cup,170,30g,1g,13g
coconut oil,Oil, 1 tbs,120,0g,14g,0g
coconut oil,A1 Coconut Oil, 30 g,118,0g,27g,0g
salt,Salt, 1 g,0,0g,0g,0g
salt,Salt, 1 Tablespoons,0,0g,0g,0g
pork,Pork, 4 oz,120,1g,3g,23g
pork,Pork, 4 oz,130,1g,5g,23g
pork,Pork Patties, 2 patties,140,1g,9g,12g
prawns,Prawns, 100 g,115,0g,1g,23g
prawns,Prawns, 1 prawn,9,0g,0g,2g
prawns,Battered Prawns, 150 gr,240,31g,10g,18g
red food coloring,Generic, 1 t,0,0g,0g,0g
red food coloring,Mccormick, 1 drop,0,0g,0g,0g
red food coloring,Great Value Gel Food Coloring, 1 tsp,15,4g,0g,0g
Citric acid,Citric acid, 1 gram,0,0g,0g,0g
Citric acid,Generic, 1 tbsp(s),0,0g,0g,0g
Citric acid,Nuts.com, 100 g (3.5 oz),2,0g,0g,0g
low fat,Low Fat Butter, 10 gms,54,0g,6g,1g
low fat,Physical Low Fat, 1 cup,129,13g,3g,12g
low fat,Pauls - Physical - Low Fat., 100 ml,42,6g,0g,4g
thick poha,swad thick poha, 51 gm,180,38g,1g,4g
thick poha,Asli poha, 28 gms,100,22g,0g,2g
thick poha,Bansi, 28 g (1oz),90,21g,0g,2g
egg yolks,Egg Yolks (JLDN), 30 g - 1 oz,91,1g,8g,5g
egg yolks,6 Egg Whites, 3 Yolks,286,1g,18g,30g
egg yolks,Myprotein, 15 grams,100,1g,9g,5g
Sev,Sev, 1 cup,250,17g,19g,7g
Sev,Regular Sev, 1 tbsp,180,10g,14g,4g
Sev,Bhel sev, 0.5 cup,549,32g,46g,14g
chenna cheese,Cooked Chenna Brown, 1 cup,0,0g,0g,0g
chenna cheese,Homemade, 1 cup,150,10g,9g,8g
chenna cheese,Homemade, 50 gm,260,0g,0g,0g
mutton,Mutton, 100 grams,294,0g,21g,25g
mutton,Fried Mutton, 100 g,235,0g,14g,26g
mutton,Biryani-mutton, 439.3 G,640,80g,23g,10g
Kala chana,KTC Kala Chana, 100 grams,115,16g,3g,7g
Kala chana,Devi Kala Chana, 50 gram,81,14g,1g,4g
Kala chana,Indian - Kala Chana, 164 g (1 cup),300,60g,8g,15g
elachi,Tetley, 1 cup,92,4g,0g,19g
elachi,Verka, 100 ml,83,11g,3g,3g
elachi,heritage, 100 g,84,14g,2g,3g
litre milk,Avonmore, 100 ml,49,5g,1g,5g
litre milk,Supervalu, 200 ml,128,10g,7g,7g
litre milk,Centra, 100 ml,64,5g,4g,3g
nestle cream,Nestle Tin Cream, 1 tbsp,40,0g,4g,0g
nestle cream,Nestle, 3 container,30,4g,2g,0g
nestle cream,Nestle, 1 bar,90,18g,2g,1g
Meat curry powder,Baba's, 100 g,414,52g,16g,15g
Meat curry powder,gbabas) meat curry powder, 101 g,368,54g,18g,16g
Meat curry powder,meat curry powder (babas), 101 g,368,54g,18g,16g
Tea leaves,Tea, 1 l,0,0g,0g,0g
Tea leaves,Tea, 1 tea bag,0,0g,0g,0g
Tea leaves,Green Tea + Mint Leaves, 1 cup,0,0g,0g,0g
desiccated coconut,Coles Desiccated Coconut, 45 g,684,8g,67g,7g
desiccated coconut,desiccated coconut, 100 gram,711,7g,69g,7g
desiccated coconut,Evolution, 100 g,640,6g,62g,6g
fresh coconut,Fresh -, 1 cup,46,9g,1g,2g
fresh coconut,Fresh From Coconut, 1 coconut,46,9g,0g,0g
fresh coconut,Generic, 1 cup,283,12g,27g,3g
Beaten rice flakes,Kathmandu taichin rice flakes, 100 g,360,78g,2g,8g
Beaten rice flakes,Red beaten rice (Taichung Chiura), 50 grams,100,20g,1g,3g
Beaten rice flakes,Uttam, 100 gram,363,86g,1g,7g
Tomato,beefsteak tomato, 1 medium,25,5g,0g,1g
Tomato,Tomato, 1 (148 grams),35,7g,1g,1g
sauce,Sauce, 1 cup,70,10g,2g,2g
sauce,Zaxby's sauce, 1 package,180,6g,17g,0g
sauce,Diana Sauce, 2 Tbsp,60,15g,0g,0g
imli,Imli, 200 g,320,80g,0g,0g
imli,Pani Puri imli, 100 gram,58,16g,0g,0g
imli,imli goli, 5 gram,75,4g,0g,0g
red chilli,Red Chilli (fresh) Ballapaddag, 1 full chilli,12,0g,0g,0g
red chilli,Red Robin, 1 Plate,1954,130g,132g,62g
red chilli,Anita's Red Deer Chilli, 0.5 c,55,10g,0g,3g
steamer,Green Gaint Valley Steamer, 0.5 cup,45,8g,1g,2g
steamer,Bird's Eye, 1 cup,50,6g,2g,2g
steamer,Generic, 14 clams,70,3g,4g,7g
ginger and garlic,garlic and ginger paste, 100 g,187,41g,1g,7g
ginger and garlic,Tooba, 1 TBSP. 20g,25,3g,1g,1g
ginger and garlic,Pattu Ginger Garlic, 10 g,6,1g,0g,0g
water,Karma Water, 18 oz.,20,5g,0g,0g
water,Vitamin water, 591 ml,120,33g,0g,0g
toor dal,Toor Dal, 1 cup,198,26g,6g,10g
toor dal,Toor Ki Dal, 236 Gms,194,29g,5g,11g
toor dal,Toor Dal Soup, 1 Bowl,103,17g,3g,4g
french beans,French beans, 3 oz,25,6g,1g,2g
french beans,French Beans, 100 grams,31,7g,0g,1g
french beans,French Green Beans (Costco), 1 cup,30,3g,0g,3g
Amaranth leaves,Homemade, 1 cup Sauteed,28,5g,0g,3g
Amaranth leaves,Generic, 1 cup coocked,225,0g,0g,0g
avocado oil,Olivari Oil - Avocado Oil, 15 ml (tbsp),41,0g,5g,0g
avocado oil,Avocado Oil, 5 ml,45,0g,5g,0g
cashews,Cashews, 0.25 cup,160,8g,13g,5g
cashews,Cashews, 0.25 cup,160,8g,12g,5g
curd,Curd, 100 gms,61,5g,3g,4g
curd,Curd Rice, 1 cup cooked,300,41g,6g,17g
curd,Cheese curd, 1 oz,110,0g,9g,7g
Ladies finger,Generic, 1 cup,25,6g,0g,2g
Ladies finger,Homemade, 1 cup cooked,214,26g,14g,8g
Ladies finger,ingy, 100 gram,44,9g,0g,2g
tomato,beefsteak tomato, 1 medium,25,5g,0g,1g
tomato,Tomato, 1 (148 grams),35,7g,1g,1g
Thin rice flakes,Rice flakes, 100 g,98,23g,0g,2g
Thin rice flakes,Bavan, 50 g,180,38g,0g,6g
Thin rice flakes,Real, 0.25 cup,85,16g,1g,3g
honey,Honey, 0.5 oz,43,12g,0g,0g
honey,Coles honey, 25 g,84,21g,0g,0g
panch phoran masala,Maharaja, 25 gram,127,12g,7g,4g
panch phoran masala,Vegan Kitchen, 1.5 Cups,193,34g,1g,15g
panch phoran masala,Fat Free Vegan, 0.167 of receipe,193,34g,1g,15g
sabudana,Upvas, 50 g,170,43g,0g,0g
sabudana,Khichadi, 100 g,299,45g,12g,4g
sabudana,Swad, 25 g,88,22g,0g,0g
Canned coconut milk,tesco coconut milk (canned), 90 grams,170,2g,17g,1g
Canned coconut milk,Canned, 100 ml,188,3g,20g,2g
Canned coconut milk,Goya, 0.25 cup,100,2g,9g,2g
white sesame seeds,Sprouts White Sesame Seeds, 1.4 oz,250,8g,20g,9g
white sesame seeds,sesame seeds, 1 tbls,105,3g,10g,0g
white sesame seeds,Roasted, 0.25 cup,206,9g,18g,7g
surti papdi,Surati, 130 gram,80,12g,0g,8g
surti papdi,Indian - Swad, 4.5 oz,104,16g,0g,10g
surti papdi,Deep, 130 gm/4.5oz,104,16g,0g,10g
Split pigeon peas,Roshni, 100 g,164,27g,3g,9g
Split pigeon peas,Sheel, 1 cup,345,0g,0g,0g
Split pigeon peas,Nirav, 0.5 cup,390,65g,4g,24g
split urad dal,indican, 2 cup,340,60g,2g,22g
split urad dal,ankur, 100 gram,325,50g,4g,22g
split urad dal,Bloom, 100 gram,347,60g,1g,24g
hot water,Water, 1 tsp,0,0g,0g,0g
hot water,Water hot, 100 g,427,49g,22g,8g
hot water,Hot Water, 1 cup,0,0g,0g,0g
soy sauce,Publix Soy Sauce, 1 tablespoon,10,1g,0g,1g
soy sauce,Soy Sauce, 1 tbs,10,1g,0g,1g
Condensed milk,Condensed Milk, 1 cup,210,44g,0g,4g
Condensed milk,Milk - Condensed Milk, 100 g,321,54g,9g,8g
Condensed milk,Magnolia, 1 fluid ounce,130,22g,3g,3g
Cucumber,Cucumber, 1 larger,34,6g,0g,2g
Cucumber,Small Cucumber, 1 cup,19,3g,0g,1g
Garam masala powder,Garam Masala, 15 grams,46,9g,2g,2g
Garam masala powder,Swad, 5 g,25,3g,1g,1g
Garam masala powder,Mehran, 6 gram,19,3g,1g,1g
wild mushrooms,Wild, 5 medium mushrooms,30,3g,0g,2g
wild mushrooms,Tesco, 100 g,16,0g,1g,2g
wild mushrooms,Wild Mushrooms, 0.5 bag,130,6g,11g,3g
chickpea flour,Chickpea flour, 100 g,358,52g,5g,23g
chickpea flour,Bob's Red Mill - Chickpea Flour, 0.25 cup (30g),120,16g,2g,5g
pearl millet flour,Pearl millet flour, 0.5 cup,110,23g,1g,3g
pearl millet flour,Heera, 100 gram,378,73g,4g,11g
pearl millet flour,Ak, 100 gm,382,75g,4g,11g
Baingan,Homemade, 1 serving,97,21g,12g,3g
Baingan,Homemade, 226.3 g,178,14g,14g,2g
Baingan,Homemade, 1 (599 g),178,34g,4g,8g
Dry fruits,Fruits, 28 gram,61,14g,0g,1g
Dry fruits,Dry fruits, 0.333333 cup,200,32g,7g,4g
Dry fruits,Dry Fruits, 100 g,341,82g,0g,1g
cashews and raisins,Cashews and raisins, 50 g,213,28g,10g,5g
cashews and raisins,Bazzini, 28 g,110,18g,4g,2g
cashews and raisins,Co-Op Jumo Flame Raisins and Cashews, 25 g,105,0g,4g,0g
Coconut,Coconut flour, 2 tbsp,60,8g,2g,2g
Coconut,Coconut flakes, 1 tsp,70,7g,5g,1g
Coconut,Coconut Dream, 8 oz.,60,3g,5g,1g
mustard seed,Generic, 4 g,20,1g,1g,1g
mustard seed,Spices~Jen's, 1 tsp,15,1g,1g,1g
condensed milk,Condensed Milk, 1 cup,210,44g,0g,4g
condensed milk,Milk - Condensed Milk, 100 g,321,54g,9g,8g
condensed milk,Magnolia, 1 fluid ounce,130,22g,3g,3g
bhatura,bhatura, 1 piece,220,28g,9g,7g
bhatura,Homemade, 1 bhatura,230,32g,9g,5g
bhatura,Ashoka, 1 piece,210,26g,9g,4g
long beans,Frieda's, 100 grams,47,8g,0g,2g
long beans,Generic, 1 cup fried,40,7g,4g,5g
long beans,Raw, 100 g,47,8g,1g,3g
kewra,Vadilal, 1 Cup,234,22g,14g,6g
kewra,Generic Kewra, 1 cup,100,1g,1g,50g
Forbidden black rice,Forbidden, 1 cup,160,34g,2g,5g
Forbidden black rice,Forbidden, 100 g,339,71g,1g,9g
Forbidden black rice,Forbidden Foods, 100 g,339,71g,2g,9g
eggplant,Eggplant, 1 cup cubes,33,8g,0g,1g
eggplant,Eggplant Dip, 1 oz,80,0g,0g,0g
eggplant,Eggplant - Baked, 100 g,25,6g,0g,0g
fenugreek seeds,fenugreek seeds, 1 gram,323,58g,6g,23g
fenugreek seeds,Sprouted Methi (Fenugreek Seeds), 1 tea Spoon,12,0g,0g,1g
fenugreek seeds,Karyn's, 1 tsp,12,2g,0g,1g
coconut ice,Bulla, 1 (59g),132,13g,8g,2g
coconut ice,Coconut ice, 20 gram,92,14g,4g,1g
coconut ice,Coconut Bliss, 95 g,210,18g,14g,2g
Rice,rice, 100 g,171,31g,3g,4g
Rice,quinoa rice, 1 cup,240,47g,4g,6g
Rice,Rice Bowl, 45 g,160,35g,0g,3g
rapeseed oil,Donegal Rapeseed Oil Co., 5 ml,41,0g,5g,0g
rapeseed oil,Rutland rapeseed oil, 100 ml,889,1g,98g,0g
rapeseed oil,Aldi Rapeseed Oil, 15 ml,123,1g,14g,1g
mustard green,Veggies, 56 grams,15,3g,0g,2g
mustard green,Green Mountain Mustard, 1 tsp,10,0g,1g,0g
mustard green,Green Mountain Mustard, 1 tsp,10,1g,0g,0g
whipping cream,Pilos Whipping Cream, 100 ml,293,3g,30g,3g
whipping cream,Lowes Whipping Cream, 1 tbsp,45,0g,5g,0g
whipping cream,Whipping Cream, 1 tbsp,50,0g,5g,0g
chopped tomatoes,Chopped Tomatoes, 100 g,23,4g,0g,1g
chopped tomatoes,Chopped Tomatoes, 100 gram,21,3g,0g,1g
chopped tomatoes,Tesco Finely Chopped Tomatoes, 100 g,25,4g,0g,1g
cardamom,1 tsp, ground,311,68g,7g,11g
cardamom,Tea India - Cardamom Tea, 1 packet (22g),100,17g,3g,2g
cardamom,Generic, 100 gr,311,68g,7g,11g
cinnamon,Cinnamon (JLDN), 1 tbsp - 8g - .3 oz,20,2g,0g,0g
cinnamon,Cinnamon, 1 tsp,6,1g,0g,0g
dry coconut,Coconut Dry, 100 gm,354,15g,33g,3g
dry coconut,Dessicated Coconut, 6 teaspoons,187,7g,18g,2g
dry coconut,Khobra, 100 gm,352,0g,0g,0g
Fennel,Fennel, 100 g,31,7g,0g,1g
Fennel,Fennel Homemade, 100 g,12,2g,0g,1g
Fennel,Fennel (Website), 1 cup,27,6g,0g,1g
flour,Flour, 100 g,351,76g,2g,8g
tea bags,Lipton, 1 cup,0,0g,0g,0g
tea bags,Yorkshire Tea, 1 cup,1,0g,0g,0g
tea bags,Tenderleaf Tea Bags, 13 oz,0,0g,0g,0g
baby potatoes,Tesco - Baby Potatoes, 100 grams,71,15g,0g,2g
baby potatoes,Melissa's Baby Red Potatoes, 0.75 cup,131,31g,0g,3g
baby potatoes,Melissa's Baby Red Potatoes, 1 container (6 cup,131,31g,0g,3g
red chili,Red Robin, 1 cup,220,16g,10g,15g
red chili,Bueno, 0.25 cup,20,5g,1g,1g
red chili,Red Robin, 1 burger,880,56g,50g,51g
Bottle gourd,Desi, 100 g,12,2g,0g,0g
Bottle gourd,Homemade, 1 glass - bottle gourd juice,22,5g,0g,1g
Bottle gourd,Homemade, 1 cup cooked,37,7g,1g,1g
elephant foot yam,Surati, 130 g,110,25g,0g,2g
elephant foot yam,Surati, 130 g,110,25g,0g,2g
elephant foot yam,blue elephant, 125 g,71,8g,3g,1g
dry dates,Dry dates, 50 g,70,16g,0g,1g
dry dates,dates, 50 gr,41,0g,50g,0g
dry dates,Egyptian dates, 25 g,50,10g,1g,1g
poppy seeds,Poppy Seeds, 100 g,533,24g,45g,18g
poppy seeds,Black Poppy Seeds, 1 tbsp,46,2g,4g,0g
poppy seeds,Mccormick, 1 Tablespoon,47,2g,4g,2g
spinach,Spinach, 25 grams,20,3g,0g,2g
spinach,Cooking with Spinach, 1.5 Cups,20,3g,0g,2g
Brown rice,Homemade Brown Rice, 1 Cup Cooked,150,32g,1g,3g
Brown rice,Walmart Brown Rice, 1 cup,150,33g,1g,4g
Brown rice,Brown Jasmin Rice, 1 oz,107,23g,1g,3g
Whole wheat rava,Homemade, 1 cup (50g),164,36g,1g,6g
Whole wheat rava,Indian, 100 gms,367,66g,2g,9g
Whole wheat rava,Pro Nature, 1 Cup,198,40g,1g,7g
shimla mirch,Generic, 1 cup cooked,133,27g,2g,4g
shimla mirch,Homemade, 1 cup cooked,284,6g,24g,13g
shimla mirch,Indian, 100 g,93,13g,3g,2g
skimmed milk powder,Regilait, 100 g,359,52g,1g,36g
skimmed milk powder,Marvel, 100 g,346,50g,1g,35g
skimmed milk powder,Miro, 100 gm,361,53g,1g,32g
jaggery,Jaggery, 1 tsp,15,4g,0g,0g
jaggery,Viola- Jaggery/gur, 100 gm,383,95g,0g,0g
jaggery,Indian, 100 g,358,85g,0g,0g
Biryani masala,Mdh Hyderabadi Biryani Masala, 5 g,7,2g,1g,1g
Biryani masala,Radhuni, 10 g,37,6g,1g,1g
Biryani masala,Shaan Sindhi Biryani, 1 pack,290,40g,10g,10g
bitter gourd,Homemade, 100 grams,17,4g,0g,1g
bitter gourd,Bitter Gourd (Ampalaya), 1 cup,156,14g,10g,7g
bitter gourd,Bitter gourd (karela)sabzi, 1 burger,555,29g,26g,49g
ginger powder,Ginger, 1 tbsp,19,4g,0g,0g
ginger powder,Shah Ginger powder, 1 tablespoon,35,7g,0g,0g
ginger powder,Wu Hsing, 10 g,0,0g,0g,0g
peas,Peas, 80 g,70,12g,1g,5g
peas,Canned peas, 0.333333 cup,60,10g,0g,4g
Kala masala,Kala Chana, 1 cup cooked,299,0g,0g,0g
Kala masala,Sb Kala Chana Masala, 1 katori /150 gm,110,18g,3g,4g
Kala masala,RK, 10 ml,33,1g,0g,0g
kitchen lime,Cindy's Kitchen, 1 Tbsp,30,5g,1g,0g
kitchen lime,Primal Kitchen, 1 Tbsp (15g),100,0g,11g,0g
kitchen lime,Stonewall Kitchen, 30 ml,15,3g,0g,0g
edible gum,Generic, 10 gms,40,9g,0g,0g
edible gum,Gum, 100 g,4,1g,0g,0g
edible gum,incredibles gum e blue Raspberry, 1 pkg,75,0g,0g,0g
maida flour,maida, 100 g,348,74g,0g,11g
maida flour,Indian Plain Flour, 1 (about 20g),90,18g,0g,3g
maida flour,Deep All Purpose Flour / Maida, 0.25 Cup 30g,110,23g,1g,3g
arrowroot powder,Generic, 1 tsp,35,7g,0g,0g
arrowroot powder,Krio, 2 gram,3,1g,0g,0g
arrowroot powder,Dad's, 100 gram,357,88g,0g,0g
wheat flour,whole wheat flour, 0.25 cup,110,21g,1g,4g
wheat flour,Flour, 1 cup,455,95g,0g,13g
wheat flour,wheat flour, 100 gram,350,77g,1g,9g
red chillies,Asda, 100 g,23,1g,1g,3g
red chillies,Sainsburys, 50 g,20,5g,1g,0g
red chillies,Sainsbury's, 1 container (200.00 g),29,4g,1g,2g
roasted gram flour,Nirav, 30 gram,111,17g,2g,7g
roasted gram flour,Roasted Gram, 100 grams,383,61g,6g,25g
roasted gram flour,East End Gram Flour, 100 g,359,52g,5g,22g
Semolina,Semolina Flour, 1 Cup,600,122g,2g,21g
Semolina,Shamrock Semolina, 100 g,339,66g,2g,13g
ghee,Ghee, 1 tsp,45,0g,5g,0g
ghee,Ghee (Clarified Butter), 1 Tbsp,135,0g,15g,0g
ghee,organic ghee, 1 tablespoon,117,0g,13g,0g
almond,Almond, 3 pieces,200,17g,15g,2g
almond,Hershey almond, 1 bar,210,21g,14g,4g
Mushroom,Mushroom, 70 g (about 5),20,3g,0g,3g
Mushroom,Mushroom, 10 Slices,20,2g,1g,1g
Mushroom,Mushroom Soup, 1 bowl,129,4g,10g,2g
besan,Besan, 100 g,387,58g,7g,22g
besan,Besan Pakodas, 1 cup fried,150,0g,0g,0g
besan,Swad, 100 g,364,61g,6g,19g
Sesame oil,Sesame Oil, 13.6 g,120,0g,14g,0g
Sesame oil,Kadoya, 1 Tb,130,0g,14g,0g
wine vinegar,Pc Rice Wine Vinegar, 1 Tablespoon,5,1g,0g,0g
wine vinegar,Colavita Champagne Wine Vinegar, 15 grams,3,0g,0g,0g
mustard seeds,Francuska, 1 tbsp,20,2g,1g,1g
mustard seeds,Swad Mustard Seeds, 5 gram,21,2g,1g,1g
mustard seeds,Generic, 1 tsp,7,1g,1g,1g
yoghurt,Nutriday Yoghurt, 175 g,97,17g,2g,3g
yoghurt,Yoghurt Bulgarian, 100 gms,62,42g,2g,3g
yoghurt,Yoghurt, 100 ml,33,4g,0g,5g
gur,Gur Shakar, 100 g,565,25g,45g,19g
gur,Gur, 20 gram,74,16g,1g,0g
gur,Amritsari masala gur, 25 g,50,14g,0g,0g
fish,fish, 4 oz,100,1g,3g,20g
fish,Fish sticks, 6 sticks,220,24g,9g,9g
fish,gold fish, 1 cup,140,20g,5g,4g
Rice flakes,Rice flakes, 100 gram,353,73g,3g,8g
Rice flakes,Phoha, 1 plate,360,0g,6g,7g
Rice flakes,Goma rice flakes, 1 piece,51,8g,2g,1g
sambar powder,Generic, 1 cup,184,30g,4g,9g
sambar powder,Brahmins Sambar powder, 15 gram,60,8g,2g,2g
sambar powder,Mtr, 15 grams,54,7g,2g,3g
drumsticks,Drumsticks, 100 g,161,0g,9g,19g
drumsticks,Kip drumsticks, 100 gr,116,0g,4g,19g
drumsticks,Turkey Drumsticks, 1 oz,43,0g,2g,6g
rice flour,Rice flour, 100 g,363,80g,1g,5g
Arbi ke patte,Desi, 100 g,56,7g,1g,4g
Arbi ke patte,Patte, 200 g,471,59g,22g,9g
Arbi ke patte,patte, 100 gramme,350,72g,2g,14g
potol,Homemade, 0.5 bowl(175 g),120,9g,6g,4g
potol,India, 1 cup (~8 Parwal halves),45,6g,0g,5g
potol,Ibco Brand, 100 gram,19,4g,1g,2g
Baby potatoes,Tesco - Baby Potatoes, 100 grams,71,15g,0g,2g
Baby potatoes,Melissa's Baby Red Potatoes, 0.75 cup,131,31g,0g,3g
Baby potatoes,Melissa's Baby Red Potatoes, 1 container (6 cup,131,31g,0g,3g
dates,Juicy Dates, 100 gram,267,61g,0g,1g
dates,Majdool Dates, 2 cups,1004,18g,0g,0g
dates,Red Dates, 50 g,90,35g,0g,1g
Sugar,Sugar, 1 teaspoon,15,4g,0g,0g
Sugar,Organic sugar, 1 tsp,15,4g,0g,0g
Jowar flour,Swad, 30 gms,113,23g,1g,3g
Jowar flour,Jowar / Sorghum / Milo Flour, 4 pieces cooked - 1 cup raw - 192g,651,143g,6g,21g
Jowar flour,Generic, 100 g,329,75g,3g,11g
cashew nuts,Cashew Nuts Crackers, 4 pieces,144,14g,9g,1g
cashew nuts,Waitrose cashew nuts, 100 gram,582,27g,44g,18g
cashew nuts,Cashew Nuts, 1 oz (28 grams),155,9g,12g,5g
Besan,Besan, 100 g,387,58g,7g,22g
Besan,Besan Pakodas, 1 cup fried,150,0g,0g,0g
Besan,Swad, 100 g,364,61g,6g,19g
filling,Oreo, 1 Oreo (filling only),20,3g,2g,0g
filling,apple pie filling, 81 g,100,25g,0g,0g
filling,Filling, 100 gram,270,1g,25g,11g
Split urad dal,indican, 2 cup,340,60g,2g,22g
Split urad dal,ankur, 100 gram,325,50g,4g,22g
Split urad dal,Bloom, 100 gram,347,60g,1g,24g
beans,Kidney beans, 1 cup,110,20g,1g,7g
beans,Ranch beans, 1 cup,140,22g,3g,6g
beans,Refried Beans, 0.5 cup,100,18g,1g,6g
greek yogurt,Lidl Greek Yogurt, 8 oz,122,3g,11g,5g
greek yogurt,yoplait greek yogurt, 5.3 oz,139,8g,9g,6g
greek yogurt,Skotidakis Greek Yogurt, 150 g,110,15g,0g,12g
sweet,Sweet, 1 sweet,30,0g,0g,0g
sweet,Sweet Tea, 3 cups,100,25g,0g,0g
sweet,Sweet peas, 0.25 cup,70,12g,1g,4g
coconut,Coconut flour, 2 tbsp,60,8g,2g,2g
coconut,Coconut flakes, 1 tsp,70,7g,5g,1g
coconut,Coconut Dream, 8 oz.,60,3g,5g,1g
malvani masala,Homemade, 1 Cup,270,10g,12g,31g
malvani masala,Masala Vada, 2 pc,100,19g,1g,5g
malvani masala,Masala Puri, 1 pc,36,8g,0g,1g
mango,1 cup, pieces,60,15g,0g,1g
mango,Champagne Mango, 1 cup (140g),110,27g,0g,0g
mango,Mango, 100 grams,63,14g,0g,1g
amchur powder,Amchur, 100 g,45,10g,0g,1g
amchur powder,Mdh, 5 g,10,1g,1g,1g
amchur powder,Swad amchur powder, 5 gm,4,1g,0g,0g
Fish fillet,White Fish Fillet, 100 g,72,0g,1g,16g
Fish fillet,Hommade Fish Fillet, 100 g,130,0g,7g,16g
Fish fillet,Fish fillet, 245 g,363,0g,25g,32g
basmati rice,Aldi Basmati Rice, 125 g,362,45g,2g,9g
basmati rice,morrisons basmati rice, 100 gram,117,25g,0g,3g
basmati rice,Carolina Basmati Rice, 0.25 cup,160,35g,0g,4g
Rose syrup,Rose Syrup, 1 oz,110,27g,0g,0g
Rose syrup,Delicious Rose Syrup, 27 ml,72,18g,0g,0g
Rose syrup,Roohafza, 30 ml,90,23g,0g,0g
Jaggery,Jaggery, 1 tsp,15,4g,0g,0g
Jaggery,Viola- Jaggery/gur, 100 gm,383,95g,0g,0g
Jaggery,Indian, 100 g,358,85g,0g,0g
